Toxin,C1,C2,C3,C4,GTX1,GTX4,GTX2,GTX3,dc-GTX2,dc-GTX3,GTX5,GTX6,NéoSTX,dc-STX,STX,dc-Neo
Molecular weight,475.4,475.4,491.4,491.4,411.4,411.4,395.4,395.4,352.3,352.3,379.4,395.4,315.1,329.2,299.29,345.2
TEF,0.01,0.1,0.02,0.1,1,0.7,0.4,0.6,0.2,0.4,0.1,0.1,1,1,1,0.4
S1_Phyto_Cells,0.918,23.355,0,0,0,0.545,0,2.73,0,0.129,5.005,0,0,0,0.403,0
S2_Phyto_Cells,0.611,16.751,0,0,0,0.21,0,1.752,0,0.096,3.398,0,0,0,0.283,0
S3_Phyto_Cells,1.043,24.544,0,0,0,0.343,0,2.422,0,0.183,4.412,0,0,0,0.301,0
S4_Phyto_Supernatant,0.75,0.911,0,0,0,0,0,0.625,0,0,1.197,0,0,0,0.327,0
S5_Phyto_Supernatant,0.32,2.221,0,0,0,0.555,0,1.291,0,0,1.778,0,0,0,0.361,0
S6_Phyto_Supernatant,0,1.407,0,0,0,0.41,0,0.962,0,0,1.226,0,0,0,0.201,0
S73_Phyto_Cells,1.406,23.014,0,0,0,1.745,0,2.249,0,0,5.401,0,0,0,0,0
S74_Phyto_Cells,1.93,16.294,0,0,0,1.14,0,1.555,0,0,4.408,0,0,0,0,0
S75_Phyto_Cells,1.243,21.911,0,0,0,2.067,0,1.856,0,0,5.131,0,0,0,0,0
S76_Phyto_Supernatant,11.731,2.764,0,0,0,0.717,0,2.545,0,1.479,6.814,3.704,0,0,0,0
S78_Phyto_Supernatant,4.524,2.36,0,0,0,0.473,0,2.682,0,1.107,6.113,3.002,0,0,0.751,0