,,Concentration (µg éq.STX diHCl/kg fraction),,,,,,,,,,,,,,,,,,,,,,,
Sample Name,,Masse éch extrait (g),Volume total d'extract° (mL),C1,C2,C3,C4,GTX1,GTX4,GTX2,GTX3,dc-GTX2,dc-GTX3,GTX5,GTX6,Néo STX,dc-STX,STX,dc-Neo,doSTX,,SUM (µg éq.STX diHCl/kg fraction),Poids animal (g),Sex,Nb mussel consummed
,,,,0.01,0.1,0.02,0.1,1,0.7,0.4,0.6,0.2,0.4,0.1,0.1,1,1,1,0.4,,,,,,
307_Spider crab DG t=24h expo 1,DG,0.500899701,4,0.159547327,0,0,0,0,0,0,0,0,0,0,0,0,0,0,0,,,0.159547327,752,M,5
312_Spider crab DG t=24h expo 2,DG,0.4972898,4,0.137965841,0,0,0,0,0,0,21.20314587,0,0,0,0,0,0,0,0,,,21.34111171,870,M,4
317_Spider crab DG t=24h expo 3,DG,0.507522527,4,1.025104435,3.270623663,0,0,0,0,0,24.12413168,0,0,0,2.723087604,0,0,0,0,,,31.14294739,939,M,6
322_Spider crab DG t=24h expo 4,DG,0.505220517,4,0.217577344,0,0,0,0,0,0,9.09570697,0,0,0,0,0,0,0,0,,,9.313284314,1301,M,6
327_Spider crab DG t=72h expo 5,DG,0.503344223,4,0.143460815,0,0,0,0,0,0,0,0,0,0,0,0,0,0,0,,,0.143460815,1095,M,6
332_Spider crab DG t=72h expo 6,DG,0.507373586,4,0.567448536,2.217746045,0,0,0,0,0,30.17728884,0,0,0,0,0,0,0,0,,,32.96248342,831,M,13
337_Spider crab DG t=72h expo 7,DG,0.498757644,4,0.785151782,2.499461993,0,0,0,0,0,21.92342792,0,0,0,2.671009737,0,0,0,0,,,27.87905144,1175,M,15
342_Spider crab DG t=72h expo 8,DG,0.501610568,4,0.883715911,3.486320906,0,0,0,0,0,34.29879672,0,0,0,2.470247455,0,0,0,0,,,41.13908099,609,M,15
347_Spider crab DG t=24h depu 9,DG,0.485682516,4,1.170927139,3.268670944,0,0,0,0,5.984009781,43.20521648,0,0,0,3.377361933,0,0,0,0,,,57.00618628,638,M,4
352_Spider crab DG t=24h depu 10,DG,0.501020543,4,1.617762044,6.002119516,0,0,0,0,13.94734727,51.42900358,0,0,0,4.792057531,0,0,0,0,,,77.78828994,820,F,6
358_Spider crab DG t=24h depu 11,DG,0.500258362,4,1.512441491,4.65568994,0,0,0,0,6.453850234,30.83378543,0,0,0,3.172960479,0,0,0,0,,,46.62872757,873,F,6
364_Spider crab DG t=24h depu 12,DG,0.506440418,4,0.732410541,2.707479183,0,0,0,0,6.217729229,15.31146993,0,0,0,2.882419288,0,0,0,0,,,27.85150817,827,M,6
369_Spider crab DG t=72h depu 13,DG,0.502415453,4,1.271344025,3.826293859,0,0,0,0,5.62216863,28.84267402,0,0,0,3.846047986,0,0,0,0,,,43.40852852,885,F,18
374_Spider crab DG t=72h depu 14,DG,0.503847311,4,1.466722923,3.941281782,0,0,0,0,9.552849242,33.09945644,0,0,0,4.316287603,0,0,0,0,,,52.37659799,694,F,18
380_Spider crab DG t=72h depu 15,DG,0.503700157,4,0.448827131,1.031600513,0,0,0,0,0,5.535574837,0,0,0,1.491518307,0,0,0,0,,,8.507520789,795,F,18
386_Spider crab DG t=72h depu 16,DG,0.498607928,4,0.955790347,3.019456905,0,0,0,0,0,24.64057929,0,0,0,3.682459862,0,0,0,0,,,32.2982864,784,M,9
305_Spider crab Epidermis t=24h expo 1,Epidermis,0.498912634,4,0,0,0,0,0,0,0,0,0,0,0,0,0,0,0,0,,,0,,,
310_Spider crab Epidermis t=24h expo 2,Epidermis,0.512093487,4,0,0,0,0,0,0,0,0,0,0,0,0,0,0,0,0,,,0,,,
315_Spider crab Epidermis t=24h expo 3,Epidermis,0.503578771,4,0,0,0,0,0,0,0,0,0,0,0,0,0,0,0,0,,,0,,,
320_Spider crab Epidermis t=24h expo 4,Epidermis,0.495941222,4,0,0,0,0,0,0,0,0,0,0,0,0,0,0,0,0,,,0,,,
325_Spider crab Epidermis t=72h expo 5,Epidermis,0.513038231,4,0,0,0,0,0,0,0,0,0,0,0,0,0,0,0,0,,,0,,,
330_Spider crab Epidermis t=72h expo 6,Epidermis,0.335886447,4,0,0,0,0,0,0,0,0,0,0,0,0,0,0,0,0,,,0,,,
335_Spider crab Epidermis t=72h expo 7,Epidermis,0.504599001,4,0,0,0,0,0,0,0,0,0,0,0,0,0,0,0,0,,,0,,,
340_Spider crab Epidermis t=72h expo 8,Epidermis,0.500533728,4,0,0,0,0,0,0,0,0,0,0,0,0,0,0,0,0,,,0,,,
345_Spider crab Epidermis t=24h depu 9,Epidermis,0.502344023,4,0,0,0,0,0,0,0,0,0,0,0,0,0,0,0,0,,,0,,,
350_Spider crab Epidermis t=24h depu 10,Epidermis,0.498574575,4,0,0,0,0,0,0,0,0,0,0,0,0,0,0,0,0,,,0,,,
356_Spider crab Epidermis t=24h depu 11,Epidermis,0.498657819,4,0,0,0,0,0,0,0,0,0,0,0,0,0,0,0,0,,,0,,,
362_Spider crab Epidermis t=24h depu 12,Epidermis,0.500855137,4,0,0,0,0,0,0,0,0,0,0,0,0,0,0,0,0,,,0,,,
367_Spider crab Epidermis t=72h depu 13,Epidermis,0.496375972,4,0,0,0,0,0,0,0,0,0,0,0,0,0,0,0,0,,,0,,,
372_Spider crab Epidermis t=72h depu 14,Epidermis,0.215779836,4,0,0,0,0,0,0,0,0,0,0,0,0,0,0,0,0,,,0,,,
378_Spider crab Epidermis t=72h depu 15,Epidermis,0.503326217,4,0.196427234,0,0,0,0,0,0,0,0,0,0,0,0,0,0,0,,,0.196427234,,,
384_Spider crab Epidermis t=72h depu 16,Epidermis,0.29695554,4,0,0,0,0,0,0,0,0,0,0,0,0,0,0,0,0,,,0,,,
306_Spider crab Gills t=24h expo 1,Gills,0.500350129,4,0,0,0,0,0,0,0,0,0,0,0,0,0,0,0,0,,,0,,,
311_Spider crab Gills t=24h expo 2,Gills,0.512809316,4,0,0,0,0,0,0,0,0,0,0,0,0,0,0,0,0,,,0,,,
316_Spider crab Gills t=24h expo 3,Gills,0.502130988,4,0,0,0,0,0,0,0,0,0,0,0,0,0,0,0,0,,,0,,,
321_Spider crab Gills t=24h expo 4,Gills,0.507752255,4,0,0,0,0,0,0,0,0,0,0,0,0,0,0,0,0,,,0,,,
326_Spider crab Gills t=72h expo 5,Gills,0.507377039,4,0,0,0,0,0,0,0,0,0,0,0,0,0,0,0,0,,,0,,,
331_Spider crab Gills t=72h expo 6,Gills,0.503431835,4,0,0,0,0,0,0,0,0,0,0,0,0,0,0,0,0,,,0,,,
336_Spider crab Gills t=72h expo 7,Gills,0.50041002,4,0,0,0,0,0,0,0,0,0,0,0,0,0,0,0,0,,,0,,,
341_Spider crab Gills t=72h expo 8,Gills,0.500003086,4,0,0,0,0,0,0,0,0,0,0,0,0,0,0,0,0,,,0,,,
346_Spider crab Gills t=24h depu 9,Gills,0.49620505,4,0,0,0,0,0,0,0,0,0,0,0,0,0,0,0,0,,,0,,,
351_Spider crab Gills t=24h depu 10,Gills,0.499364743,4,0,0,0,0,0,0,0,0,0,0,0,0,0,0,0,0,,,0,,,
357_Spider crab Gills t=24h depu 11,Gills,0.499427663,4,0,0,0,0,0,0,0,0,0,0,0,0,0,0,0,0,,,0,,,
363_Spider crab Gills t=24h depu 12,Gills,0.49838341,4,,,,,,,,,,,,,,,,,,,,,,
368_Spider crab Gills t=72h depu 13,Gills,0.497143042,4,0,0,0,0,0,0,0,0,0,0,0,0,0,0,0,0,,,0,,,
373_Spider crab Gills t=72h depu 14,Gills,0.501500037,4,0,0,0,0,0,0,0,0,0,0,0,0,0,0,0,0,,,0,,,
379_Spider crab Gills t=72h depu 15,Gills,0.235417879,4,0,0,0,0,0,0,0,0,0,0,0,0,0,0,0,0,,,0,,,
385_Spider crab Gills t=72h depu 16,Gills,0.496417417,4,0,0,0,0,0,0,0,0,0,0,0,0,0,0,0,0,,,0,,,
355_Spider crab Spider crab Gonads t=24h depu 10,Gonads,0.499211179,4,0,0,0,0,0,0,0,0,0,0,0,0,0,0,0,0,,,0,,,
361_Spider crab Spider crab Gonads t=24h depu 11,Gonads,0.502231254,4,0,0,0,0,0,0,0,0,0,0,0,0,0,0,0,0,,,0,,,
377_Spider crab Spider crab Gonads t=72h depu 14,Gonads,0.50067969,4,0,0,0,0,0,0,0,0,0,0,0,0,0,0,0,0,,,0,,,
383_Spider crab Spider crab Gonads t=72h depu 15,Gonads,0.498475662,4,0,0,0,0,0,0,0,0,0,0,0,0,0,0,0,0,,,0,,,
308_Spider crab Muscle body t=24h expo 1,Muscle,0.506514724,4,0,0,0,0,0,0,0,0,0,0,0,0,0,0,0,0,,,0,,,
313_Spider crab Muscle body t=24h expo 2,Muscle,0.510338228,4,0,0,0,0,0,0,0,0,0,0,0,0,0,0,0,0,,,0,,,
318_Spider crab Muscle body t=24h expo 3,Muscle,0.510484645,4,0,0,0,0,0,0,0,0,0,0,0,0,0,0,0,0,,,0,,,
323_Spider crab Muscle body t=24h expo 4,Muscle,0.488660218,4,0,0,0,0,0,0,0,0,0,0,0,0,0,0,0,0,,,0,,,
328_Spider crab Muscle body t=72h expo 5,Muscle,0.496660127,4,0,0,0,0,0,0,0,0,0,0,0,0,0,0,0,0,,,0,,,
333_Spider crab Muscle body t=72h expo 6,Muscle,0.069110137,4,0,0,0,0,0,0,0,0,0,0,0,0,0,0,0,0,,,0,,,
338_Spider crab Muscle body t=72h expo 7,Muscle,0.512214105,4,0,0,0,0,0,0,0,0,0,0,0,0,0,0,0,0,,,0,,,
343_Spider crab Muscle body t=72h expo 8,Muscle,0.503566815,4,0,0,0,0,0,0,0,0,0,0,0,0,0,0,0,0,,,0,,,
348_Spider crab Muscle body t=24h depu 9,Muscle,0.502549393,4,0,0,0,0,0,0,0,0,0,0,0,0,0,0,0,0,,,0,,,
353_Spider crab Muscle body t=24h depu 10,Muscle,0.498115089,4,0,0,0,0,0,0,0,0,0,0,0,0,0,0,0,0,,,0,,,
359_Spider crab Muscle body t=24h depu 11,Muscle,0.502218341,4,0,0,0,0,0,0,0,0,0,0,0,0,0,0,0,0,,,0,,,
365_Spider crab Muscle body t=24h depu 12,Muscle,0.502151635,4,0,0,0,0,0,0,0,0,0,0,0,0,0,0,0,0,,,0,,,
370_Spider crab Muscle body t=72h depu 13,Muscle,0.507788271,4,0,0,0,0,0,0,0,0,0,0,0,0,0,0,0,0,,,0,,,
375_Spider crab Muscle body t=72h depu 14,Muscle,0.496012843,4,0,0,0,0,0,0,0,0,0,0,0,0,0,0,0,0,,,0,,,
381_Spider crab Muscle body t=72h depu 15,Muscle,0.497387122,4,0,0,0,0,0,0,0,0,0,0,0,0,0,0,0,0,,,0,,,
387_Spider crab Muscle body t=72h depu 16,Muscle,0.503778155,4,0,0,0,0,0,0,0,0,0,0,0,0,0,0,0,0,,,0,,,
309_Spider crab Muscle leg t=24h expo 1,Muscle,0.50137284,4,0,0,0,0,0,0,0,0,0,0,0,0,0,0,0,0,,,0,,,
314_Spider crab Muscle leg t=24h expo 2,Muscle,0.496731879,4,0,0,0,0,0,0,0,0,0,0,0,0,0,0,0,0,,,0,,,
319_Spider crab Muscle leg t=24h expo 3,Muscle,0.504669743,4,0,0,0,0,0,0,0,0,0,0,0,0,0,0,0,0,,,0,,,
324_Spider crab Muscle leg t=24h expo 4,Muscle,0.506094933,4,0,0,0,0,0,0,0,0,0,0,0,0,0,0,0,0,,,0,,,
329_Spider crab Muscle leg t=72h expo 5,Muscle,0.571216719,4,0,0,0,0,0,0,0,0,0,0,0,0,0,0,0,0,,,0,,,
334_Spider crab Muscle leg t=72h expo 6,Muscle,0.514263027,4,0,0,0,0,0,0,0,0,0,0,0,0,0,0,0,0,,,0,,,
339_Spider crab Muscle leg t=72h expo 7,Muscle,0.505762119,4,0,0,0,0,0,0,0,0,0,0,0,0,0,0,0,0,,,0,,,
344_Spider crab Muscle leg t=72h expo 8,Muscle,0.499832993,4,0,0,0,0,0,0,0,0,0,0,0,0,0,0,0,0,,,0,,,
349_Spider crab Muscle leg t=24h depu 9,Muscle,0.499195956,4,0,0,0,0,0,0,0,0,0,0,0,0,0,0,0,0,,,0,,,
354_Spider crab Muscle leg t=24h depu 10,Muscle,0.501324959,4,0,0,0,0,0,0,0,0,0,0,0,0,0,0,0,0,,,0,,,
360_Spider crab Muscle leg t=24h depu 11,Muscle,0.532757266,4,0,0,0,0,0,0,0,0,0,0,0,0,0,0,0,0,,,0,,,
366_Spider crab Muscle leg t=24h depu 12,Muscle,0.49988848,4,0,0,0,0,0,0,0,0,0,0,0,0,0,0,0,0,,,0,,,
371_Spider crab Muscle leg t=72h depu 13,Muscle,0.496507027,4,0,0,0,0,0,0,0,0,0,0,0,0,0,0,0,0,,,0,,,
376_Spider crab Muscle leg t=72h depu 14,Muscle,0.506974513,4,0,0,0,0,0,0,0,0,0,0,0,0,0,0,0,0,,,0,,,
382_Spider crab Muscle leg t=72h depu 15,Muscle,0.499982376,4,0,0,0,0,0,0,0,0,0,0,0,0,0,0,0,0,,,0,,,
388_Spider crab Muscle leg t=72h depu 16,Muscle,0.500168072,4,0,0,0,0,0,0,0,0,0,0,0,0,0,0,0,0,,,0,,,
304_Spider crab Mussel conta Whole Control +,Mussel,0.503389663,4,8.726063011,38.24529085,0,0,0,0,99.45063785,267.0294988,16.98294269,14.48853769,0,42.85070505,0,0,0,0,,,487.773676,,,